idx,source,outcome,steps,bfs_len,gap,final_bfs_dist,wall_hits,score_sum,score_avg,quality_key
0,bfs,success,14,14,0,0,0,-5.091151364147663,-0.36365366886769024,"[3, 0, 0]"
1,noisy_bfs,success,18,14,4,0,2,-8.890057057142258,-0.4938920587301254,"[3, -4, -2]"
2,noisy_bfs,success,19,14,5,0,1,-7.764024429023266,-0.408632864685435,"[3, -5, -1]"
3,random,wall,64,14,64,9,21,-53.97428397834301,-0.8433481871616095,"[1, -9, -21]"
4,safe_loop,timeout,64,14,64,14,0,-32.34487265441567,-0.5053886352252448,"[2, -14, 0]"
5,bfs,success,14,14,0,0,0,-10.039537400007248,-0.717109814286232,"[3, 0, 0]"
6,noisy_bfs,success,16,14,2,0,0,-11.523585230112076,-0.7202240768820047,"[3, -2, 0]"
7,noisy_bfs,success,24,14,10,0,4,-19.092430263757706,-0.795517927656571,"[3, -10, -4]"
8,random,wall,64,14,64,13,15,-55.51106998324394,-0.8673604684881866,"[1, -13, -15]"
9,safe_loop,timeout,64,14,64,14,0,-37.38934697210789,-0.5842085464391857,"[2, -14, 0]"
10,bfs,success,14,14,0,0,0,-7.1577583365142345,-0.5112684526081596,"[3, 0, 0]"
11,noisy_bfs,success,15,14,1,0,1,-6.292869908735156,-0.4195246605823437,"[3, -1, -1]"
12,noisy_bfs,success,18,14,4,0,2,-9.823567062616348,-0.5457537257009082,"[3, -4, -2]"
13,random,wall,64,14,64,7,13,-48.01965093240142,-0.7503070458187722,"[1, -7, -13]"
14,safe_loop,timeout,64,14,64,14,0,-31.03664857521653,-0.4849476339877583,"[2, -14, 0]"
15,bfs,success,14,14,0,0,0,-9.056329935789108,-0.6468807096992221,"[3, 0, 0]"
16,noisy_bfs,success,18,14,4,0,0,-11.460757976397872,-0.6367087764665484,"[3, -4, 0]"
17,noisy_bfs,success,18,14,4,0,0,-13.070961818099022,-0.7261645454499457,"[3, -4, 0]"
18,random,wall,64,14,64,11,21,-52.03691238164902,-0.8130767559632659,"[1, -11, -21]"
19,safe_loop,timeout,64,14,64,14,0,-31.30072634667158,-0.48907384916674346,"[2, -14, 0]"
20,bfs,success,18,18,0,0,0,-9.528214372694492,-0.5293452429274718,"[3, 0, 0]"
21,noisy_bfs,success,20,18,2,0,2,-11.238433606922626,-0.5619216803461313,"[3, -2, -2]"
22,noisy_bfs,success,22,18,4,0,2,-12.130048371851444,-0.5513658350841566,"[3, -4, -2]"
23,random,wall,64,18,64,11,35,-49.95165041089058,-0.7804945376701653,"[1, -11, -35]"
24,safe_loop,timeout,64,18,64,18,0,-40.063684433698654,-0.6259950692765415,"[2, -18, 0]"
25,bfs,success,14,14,0,0,0,-4.907755114138126,-0.35055393672415186,"[3, 0, 0]"
26,noisy_bfs,success,17,14,3,0,1,-6.594359841197729,-0.38790352007045464,"[3, -3, -1]"
27,noisy_bfs,success,14,14,0,0,0,-7.480386590585113,-0.5343133278989366,"[3, 0, 0]"
28,random,wall,64,14,64,6,10,-50.07770399283618,-0.7824641248880653,"[1, -6, -10]"
29,safe_loop,timeout,64,14,64,14,0,-36.54226644337177,-0.570972913177684,"[2, -14, 0]"
30,bfs,success,18,18,0,0,0,-15.148975670337677,-0.8416097594632043,"[3, 0, 0]"
31,noisy_bfs,success,21,18,3,0,1,-18.708094537258148,-0.8908616446313404,"[3, -3, -1]"
32,noisy_bfs,success,26,18,8,0,2,-21.534462213516235,-0.8282485466737014,"[3, -8, -2]"
33,random,wall,64,18,64,16,20,-58.70089590549469,-0.9172014985233545,"[1, -16, -20]"
34,safe_loop,timeout,64,18,64,18,0,-40.85846394300461,-0.638413499109447,"[2, -18, 0]"
35,bfs,success,22,22,0,0,0,-16.185289412736893,-0.7356949733062224,"[3, 0, 0]"
36,noisy_bfs,success,24,22,2,0,0,-16.77575585246086,-0.6989898271858692,"[3, -2, 0]"
37,noisy_bfs,success,26,22,4,0,4,-18.25661736726761,-0.7021775910487542,"[3, -4, -4]"
38,random,wall,64,22,64,17,39,-55.906522154808044,-0.8735394086688757,"[1, -17, -39]"
39,safe_loop,timeout,64,22,64,22,0,-47.22312715649605,-0.7378613618202507,"[2, -22, 0]"
40,bfs,success,14,14,0,0,0,-4.857507666572928,-0.34696483332663774,"[3, 0, 0]"
41,noisy_bfs,success,14,14,0,0,0,-6.030032694339752,-0.430716621024268,"[3, 0, 0]"
42,noisy_bfs,success,14,14,0,0,0,-6.782328814268112,-0.48445205816200804,"[3, 0, 0]"
43,random,wall,64,14,64,9,13,-39.652984159765765,-0.6195778774963401,"[1, -9, -13]"
44,safe_loop,timeout,64,14,64,14,0,-33.183543760329485,-0.5184928712551482,"[2, -14, 0]"
45,bfs,success,14,14,0,0,0,-10.09542179107666,-0.7211015565054757,"[3, 0, 0]"
46,noisy_bfs,success,15,14,1,0,1,-8.584103964269161,-0.572273597617944,"[3, -1, -1]"
47,noisy_bfs,success,25,14,11,0,3,-17.791389502584934,-0.7116555801033974,"[3, -11, -3]"
48,random,wall,64,14,64,7,9,-53.840066492557526,-0.8412510389462113,"[1, -7, -9]"
49,safe_loop,timeout,64,14,64,14,0,-43.40732303261757,-0.6782394223846495,"[2, -14, 0]"
50,bfs,success,14,14,0,0,0,-7.5503497794270515,-0.5393106985305037,"[3, 0, 0]"
51,noisy_bfs,success,14,14,0,0,0,-9.46920407563448,-0.6763717196881771,"[3, 0, 0]"
52,noisy_bfs,success,19,14,5,0,1,-11.686839766800404,-0.6150968298316002,"[3, -5, -1]"
53,random,wall,64,14,64,11,29,-51.738369420170784,-0.8084120221901685,"[1, -11, -29]"
54,safe_loop,timeout,64,14,64,14,0,-28.680785357952118,-0.44813727121800184,"[2, -14, 0]"
55,bfs,success,18,18,0,0,0,-10.463651672005653,-0.5813139817780919,"[3, 0, 0]"
56,noisy_bfs,success,20,18,2,0,2,-11.471414621919394,-0.5735707310959697,"[3, -2, -2]"
57,noisy_bfs,success,36,18,18,0,8,-25.39354833238758,-0.7053763425663218,"[3, -18, -8]"
58,random,wall,64,18,64,12,28,-49.42940519750118,-0.772334456210956,"[1, -12, -28]"
59,safe_loop,timeout,64,18,64,18,0,-47.20956790447235,-0.7376494985073805,"[2, -18, 0]"
60,bfs,success,14,14,0,0,0,-7.590693920850754,-0.542192422917911,"[3, 0, 0]"
61,noisy_bfs,success,18,14,4,0,0,-9.078715294599533,-0.5043730719221963,"[3, -4, 0]"
62,noisy_bfs,success,24,14,10,0,2,-14.396944276988506,-0.5998726782078544,"[3, -10, -2]"
63,random,wall,64,14,64,9,29,-47.4159230501391,-0.7408737976584234,"[1, -9, -29]"
64,safe_loop,timeout,64,14,64,14,0,-34.1667652502656,-0.5338557070354,"[2, -14, 0]"
65,bfs,success,14,14,0,0,0,-8.856216222047806,-0.6325868730034147,"[3, 0, 0]"
66,noisy_bfs,success,17,14,3,0,1,-9.076981861144304,-0.5339401094790768,"[3, -3, -1]"
67,noisy_bfs,success,25,14,11,0,3,-18.510804384946823,-0.7404321753978729,"[3, -11, -3]"
68,random,success,28,14,14,0,6,-20.404761999845505,-0.7287414999944823,"[3, -14, -6]"
69,safe_loop,timeout,64,14,64,14,0,-39.54731500148773,-0.6179267968982458,"[2, -14, 0]"
70,bfs,success,18,18,0,0,0,-3.6908800043165684,-0.20504888912869823,"[3, 0, 0]"
71,noisy_bfs,success,18,18,0,0,0,-3.6529037542641163,-0.20293909745911756,"[3, 0, 0]"
72,noisy_bfs,success,34,18,16,0,2,-13.839531551115215,-0.4070450456210357,"[3, -16, -2]"
73,random,wall,64,18,64,11,21,-21.57959077716805,-0.3371811058932508,"[1, -11, -21]"
74,safe_loop,timeout,64,18,64,18,0,-18.929853945970535,-0.2957789679057896,"[2, -18, 0]"
75,bfs,success,18,18,0,0,0,-15.895618379116058,-0.8830899099508921,"[3, 0, 0]"
76,noisy_bfs,success,22,18,4,0,2,-19.767167568206787,-0.8985076167366721,"[3, -4, -2]"
77,noisy_bfs,success,23,18,5,0,1,-19.646283835172653,-0.8541862537031588,"[3, -5, -1]"
78,random,wall,64,18,64,12,26,-57.891308188438416,-0.9045516904443502,"[1, -12, -26]"
79,safe_loop,timeout,64,18,64,18,0,-41.80916693806648,-0.6532682334072888,"[2, -18, 0]"
80,bfs,success,14,14,0,0,0,-7.579990565776825,-0.5414278975554875,"[3, 0, 0]"
81,noisy_bfs,success,14,14,0,0,0,-8.060322634875774,-0.5757373310625553,"[3, 0, 0]"
82,noisy_bfs,success,17,14,3,0,1,-7.769088389351964,-0.4570051993736449,"[3, -3, -1]"
83,random,wall,64,14,64,11,17,-49.95047168433666,-0.7804761200677603,"[1, -11, -17]"
84,safe_loop,timeout,64,14,64,14,0,-32.61565060541034,-0.5096195407095365,"[2, -14, 0]"
85,bfs,success,14,14,0,0,0,-8.95483747124672,-0.6396312479461942,"[3, 0, 0]"
86,noisy_bfs,success,14,14,0,0,0,-9.691761687397957,-0.6922686919569969,"[3, 0, 0]"
87,noisy_bfs,success,18,14,4,0,2,-12.48158648610115,-0.6934214714500639,"[3, -4, -2]"
88,random,wall,64,14,64,7,15,-46.69697270542383,-0.7296401985222474,"[1, -7, -15]"
89,safe_loop,timeout,64,14,64,14,0,-37.73828661441803,-0.5896607283502817,"[2, -14, 0]"
90,bfs,success,14,14,0,0,0,-6.980729527771473,-0.49862353769796236,"[3, 0, 0]"
91,noisy_bfs,success,15,14,1,0,1,-8.099154755473137,-0.5399436503648758,"[3, -1, -1]"
92,noisy_bfs,success,18,14,4,0,0,-10.864577736705542,-0.6035876520391967,"[3, -4, 0]"
93,random,success,46,14,32,0,4,-25.47889656946063,-0.5538890558578398,"[3, -32, -4]"
94,safe_loop,timeout,64,14,64,14,0,-33.486608017235994,-0.5232282502693124,"[2, -14, 0]"
95,bfs,success,20,20,0,0,0,-17.923154652118683,-0.8961577326059341,"[3, 0, 0]"
96,noisy_bfs,success,23,20,3,0,1,-21.64402049779892,-0.9410443694695182,"[3, -3, -1]"
97,noisy_bfs,success,26,20,6,0,4,-23.482244670391083,-0.9031632565535032,"[3, -6, -4]"
98,random,wall,64,20,64,18,24,-62.06141930818558,-0.9697096766903996,"[1, -18, -24]"
99,safe_loop,timeout,64,20,64,20,0,-53.54908937215805,-0.8367045214399695,"[2, -20, 0]"
100,bfs,success,14,14,0,0,0,-9.916856497526169,-0.7083468926804406,"[3, 0, 0]"
101,noisy_bfs,success,15,14,1,0,1,-9.798060528934002,-0.6532040352622668,"[3, -1, -1]"
102,noisy_bfs,success,28,14,14,0,2,-20.9889426343143,-0.7496050940826535,"[3, -14, -2]"
103,random,wall,64,14,64,8,12,-48.223286331864074,-0.7534888489353762,"[1, -8, -12]"
104,safe_loop,timeout,64,14,64,14,0,-31.415423285216093,-0.49086598883150145,"[2, -14, 0]"
105,bfs,success,14,14,0,0,0,-5.59275914169848,-0.3994827958356057,"[3, 0, 0]"
106,noisy_bfs,success,17,14,3,0,1,-7.118924549315125,-0.41876026760677204,"[3, -3, -1]"
107,noisy_bfs,success,20,14,6,0,0,-11.969951021950692,-0.5984975510975346,"[3, -6, 0]"
108,random,wall,64,14,64,11,21,-40.6438494278118,-0.6350601473095594,"[1, -11, -21]"
109,safe_loop,timeout,64,14,64,14,0,-28.21448567835614,-0.4408513387243147,"[2, -14, 0]"
110,bfs,success,14,14,0,0,0,-7.335854887962341,-0.5239896348544529,"[3, 0, 0]"
111,noisy_bfs,success,18,14,4,0,0,-11.741364926099777,-0.6522980514499876,"[3, -4, 0]"
112,noisy_bfs,success,19,14,5,0,1,-10.065573066473007,-0.5297670034985793,"[3, -5, -1]"
113,random,wall,64,14,64,8,12,-47.6529321949929,-0.7445770655467641,"[1, -8, -12]"
114,safe_loop,timeout,64,14,64,14,0,-38.94309328496456,-0.6084858325775713,"[2, -14, 0]"
115,bfs,success,14,14,0,0,0,-10.465172082185745,-0.7475122915846961,"[3, 0, 0]"
116,noisy_bfs,success,14,14,0,0,0,-7.360892071388662,-0.5257780050991901,"[3, 0, 0]"
117,noisy_bfs,success,20,14,6,0,0,-12.277028987184167,-0.6138514493592083,"[3, -6, 0]"
118,random,wall,64,14,64,9,9,-52.854312255978584,-0.8258486289996654,"[1, -9, -9]"
119,safe_loop,timeout,64,14,64,14,0,-30.766419250518084,-0.48072530078934506,"[2, -14, 0]"
120,bfs,success,16,16,0,0,0,-10.409171134233475,-0.6505731958895922,"[3, 0, 0]"
121,noisy_bfs,success,18,16,2,0,0,-12.711202815175056,-0.7061779341763921,"[3, -2, 0]"
122,noisy_bfs,success,16,16,0,0,0,-11.488519817590714,-0.7180324885994196,"[3, 0, 0]"
123,random,wall,64,16,64,15,27,-55.633549094200134,-0.8692742045968771,"[1, -15, -27]"
124,safe_loop,timeout,64,16,64,16,0,-49.66255313158035,-0.775977392680943,"[2, -16, 0]"
125,bfs,success,14,14,0,0,0,-8.902466103434563,-0.6358904359596116,"[3, 0, 0]"
126,noisy_bfs,success,17,14,3,0,1,-12.082345560193062,-0.7107262094231213,"[3, -3, -1]"
127,noisy_bfs,success,26,14,12,0,4,-18.418425247073174,-0.7084009710412759,"[3, -12, -4]"
128,random,wall,64,14,64,14,20,-56.1327977925539,-0.8770749655086547,"[1, -14, -20]"
129,safe_loop,timeout,64,14,64,14,0,-33.35362249612808,-0.5211503515020013,"[2, -14, 0]"
130,bfs,success,14,14,0,0,0,-8.64586254954338,-0.61756161068167,"[3, 0, 0]"
131,noisy_bfs,success,14,14,0,0,0,-8.4246124625206,-0.6017580330371857,"[3, 0, 0]"
132,noisy_bfs,success,17,14,3,0,3,-10.017069041728973,-0.589239355395822,"[3, -3, -3]"
133,random,wall,64,14,64,11,9,-47.12228488922119,-0.7362857013940811,"[1, -11, -9]"
134,safe_loop,timeout,64,14,64,14,0,-36.0581406801939,-0.5634084481280297,"[2, -14, 0]"
135,bfs,success,14,14,0,0,0,-6.406640266999602,-0.457617161928543,"[3, 0, 0]"
136,noisy_bfs,success,16,14,2,0,0,-8.705154553055763,-0.5440721595659852,"[3, -2, 0]"
137,noisy_bfs,success,14,14,0,0,0,-7.1930975168943405,-0.5137926797781672,"[3, 0, 0]"
138,random,wall,64,14,64,9,13,-52.03578209131956,-0.8130590951768681,"[1, -9, -13]"
139,safe_loop,timeout,64,14,64,14,0,-46.59374296665192,-0.7280272338539362,"[2, -14, 0]"
140,bfs,success,14,14,0,0,0,-10.919107645750046,-0.7799362604107175,"[3, 0, 0]"
141,noisy_bfs,success,19,14,5,0,1,-15.458818882703781,-0.8136220464580938,"[3, -5, -1]"
142,noisy_bfs,success,20,14,6,0,2,-15.859131847508252,-0.7929565923754126,"[3, -6, -2]"
143,random,wall,64,14,64,9,27,-55.217868372797966,-0.8627791933249682,"[1, -9, -27]"
144,safe_loop,timeout,64,14,64,14,0,-39.76328903436661,-0.6213013911619782,"[2, -14, 0]"
145,bfs,success,14,14,0,0,0,-9.392067909240723,-0.6708619935171944,"[3, 0, 0]"
146,noisy_bfs,success,15,14,1,0,1,-11.579499691724777,-0.7719666461149851,"[3, -1, -1]"
147,noisy_bfs,success,34,14,20,0,2,-28.974495589733124,-0.8521910467568565,"[3, -20, -2]"
148,random,wall,64,14,64,6,20,-54.72197115421295,-0.8550307992845774,"[1, -6, -20]"
149,safe_loop,timeout,64,14,64,14,0,-43.7892290353775,-0.6842067036777735,"[2, -14, 0]"
